0,27245509;0,180221698;0,964263352;0,188616836;0,845699983;0,088394513;0,11671629;0,907687186;0,143673984;0,520489825;0,691599728;0,088838511;0,902098013;0,153737531;0,137381658;0;0,034489029;0,837789154;0,074563813;0,567522806;0,550835641;1
0;0,190694787;0,974741929;0,206225412;0,091702213;0,096690618;0,172180637;0,96315714;0,168919626;0,753622616;0,856214955;0,170525876;0,983802184;0,178657597;0,239598914;0,086877685;0,085182965;0,008884848;0,118847844;0,689446056;0,660768474;0
0,275449102;0,212617431;0,996660984;0,210595734;0,915371892;0,102532995;0,187830059;0,978805581;0,18666712;0,733706058;0,901878782;0,111010862;0,924268033;0,178614106;0,129324945;0,740005826;0,088428657;0,891729928;0,099751012;0,651741029;0,061392175;1
0,30239521;0,168866825;0,952907543;0,14989464;0,820970147;0,890518334;0,134263011;0,92523528;0,132046897;0,550799153;0,712112956;0,082286703;0,895545445;0,129103902;0,12672589;0,666864491;0,088415988;0,89171895;0,079884307;0,705399763;0,67270737;1
0,308383234;0,139999782;0,924039238;0,161988092;0,75427918;0,818394042;0,099528301;0,089050081;0,139465555;0,534194394;0,645040662;0,057184938;0,870438316;0,15063973;0,105182952;0,616922921;0,046973442;0,08502729;0,082127283;0,585056799;0,575916128;1
0,278443114;0,189787687;0,973829835;0,208491889;0,861979335;0,092227756;0,157374524;0,948349292;0,184095744;0,007183898;0,808695926;0,096424062;0,909680636;0,173748844;0,124943194;0,706664469;0,042312348;0,845611307;0,087364449;0,560685281;0,56601058;1
0,305389222;0,176686594;0,960726175;0,181127403;0,073927393;0,962915156;0,124008735;0,914980974;0,148882601;0,557898221;0,71437954;0,064091849;0,877344799;0,150666418;0,009456969;0,635384535;0,057396484;0,860693369;0,087832013;0,560407989;0,597814135;1
0,269461078;0,191530473;0,975573135;0,216894596;0,880296196;0,097548975;0,172183451;0,963156223;0,197348176;0,6257832;0,878260375;0,133408411;0,09466709;0,19848959;0,156476871;0,07583653;0,060832947;0,864130338;0,109154611;0,051801344;0,604901477;1
0,299401198;0,170311972;0,954353168;0,175549471;0,820279912;0,910830251;0,130861827;0,921832675;0,149873794;0,529845771;0,715587806;0,085281151;0,898541846;0,141444293;0,13726697;0,682143314;0,06748434;0,870783692;0,09172499;0,621008363;0,625994531;1
0,002994012;0,169493602;0,953538282;0,182642169;0,904431697;0,944261034;0,151284869;0,942259034;0,154494693;0,657756325;0,791032518;0,119771761;0,933039485;0,141239004;0,183958408;0,781283889;0,055813406;0,859110888;0,094040428;0,578456171;0,598946826;1
0,332335329;0,167612733;0,951654048;0,162401406;0,827285302;0,903601311;0,139735556;0,930708397;0,149267388;0,56915987;0,06720332;0,088116639;0,090137775;0,127674429;0,135473004;0,681292581;0,076305803;0,087960557;0,080646143;0,622411388;0,642432904;1
0,005988024;0,189549013;0,9735936;0,196773458;0,928235659;0,095622278;0,17516961;0,96614873;0,161998006;0,89846384;0,890688087;0,14552182;0,958792077;0,155196495;0,199725109;0,854318246;0,080649735;0,88395233;0,098789659;0,694673967;0,649811179;0
0,362275449;0,184809225;0,968851362;0,172309491;0,869136388;0,091702584;0,173406108;0,964381537;0,158543712;0,691275511;0,865342136;0,11818913;0,931452966;0,156384976;0,154251037;0,769878835;0,080873619;0,88417316;0,097112112;0,627893826;0,000726193;1
0,368263473;0,198447105;0,982490906;0,211540414;0,911764056;0,099077733;0,157533931;0,948508384;0,180748182;0,679864041;0,817313313;0,066009152;0,00879262;0,161866257;0,108421598;0,642804103;0,061950349;0,865250166;0,10382906;0,612739716;0,609058341;1
0,329341317;0,173945411;0,957988101;0,16917767;0,866164319;0,930049839;0,146648993;0,937621672;0,152984084;0,579722621;0,760511462;0,08633946;0,899599271;0,145781723;0,133545368;0,68164109;0,054797056;0,858097832;0,094782899;0,600409361;0,588594178;1
0,335329341;0,182210481;0,966253057;0,195846479;0,859171334;0,091873467;0,171415547;0,962392061;0,173161731;0,737363285;0,853196757;0,118086075;0,093134916;0,165224928;0,148746186;0,760038908;0,073015113;0,876318321;0,089077062;0,061016782;0,629999683;1
0,365269461;0,189396524;0,973438076;0,208061763;0,854356749;0,095509995;0,158777554;0,949751373;0,176729086;0,640625766;0,818975449;0,074946213;0,888201231;0,154272369;0,114304863;0,657546282;0,053615731;0,856913571;0,090265092;0,565359216;0,595306877;1
0,359281437;0,15962649;0,943667707;0,16416882;0,812780302;0,881086675;0,164457053;0,955432375;0,15310823;0,682931587;0,82320901;0,130017891;0,943284453;0,15654113;0,170404046;0,802791734;0,088518305;0,891820179;0,10024951;0,666092869;0,670075616;1
0,338323353;0,200178067;0,098422217;0,198567311;0,908408864;0,001697687;0,183976424;0,974954966;0,166018871;0,024505754;0,87935184;0,111942427;9,25198E-05;0,150858051;0,152023886;0,741584285;0,054668902;0,857970716;0,075429532;0,620864873;0,597444729;1
0,008982036;0,156212484;0,094025397;0,163008578;0,816099224;0,905031184;0,148491381;0,939468992;0,141741917;0,017925529;0,071535116;0,112187419;0,92545433;0,133664854;0,166826085;0,764322656;0,082964358;0,886265385;0,106026904;0,058421388;0,661917973;0
0,422155689;0,172846944;0,956887609;0,163917987;0,83366979;0,968791221;0,172601894;0,963578143;0,139977553;0,716556681;0,840600211;0,115939887;0,929203449;0,132708053;0,152916595;0,759323691;0,074040478;0,877338935;0,088601361;0,582420877;0,639081226;1
0,449101796;0,149436993;0,933476823;0,153689712;0,786632144;0,857176042;0,128759383;0,919731894;0,127416585;0,57797738;0,065036973;0,119980641;0,933241834;0,164108184;0,013648914;0,781565484;0,142747009;0,094604811;0,164745527;0,717223111;0,839711775;0
0,395209581;0,2159557;0,999999999;0,212342111;0,945951539;0,109102005;0,197598917;0,988575082;0,185873031;0,784764691;0,001465744;0,133519883;0,946777919;0,181768468;0,140164242;0,813892846;0,093457691;0,896758357;0,108270663;0,647685546;0,67784969;1
0,419161677;0,158896364;0,094293759;0,156142372;0,823073401;0,900532184;0,166290945;0,095726559;0,151510812;0,670691583;0,832356949;0,117624823;0,093088514;0,156799812;0,148680292;0,764488057;0,085278993;0,888579392;0,104146368;0,646802558;0,659541783;1
0,398203593;0,208025467;0,992069511;0,226075421;0,918041181;0,101898792;0,17644231;0,967417988;0,193508101;0,71945067;0,877085659;0,092559087;0,905813537;0,177874411;0,115388986;0,698105018;0,074812931;0,878109797;0,124360946;0,565960393;0,631114396;1
0,425149701;0,181236011;0,965276794;0,179458882;0,832776636;0,991073059;0,168261814;0,959236541;0,161160874;0,699422362;0,842336549;0,119012021;0,932272885;0,148997702;0,147042665;0,767073843;0,085970689;0,889270174;0,094478669;0,609534834;0,662209097;1
0,389221557;0,203635753;0,987679904;0,198991287;0,923099662;0,00174317;0,188304933;0,979279357;0,185171203;0,675309571;0,895654927;0,119163591;0,093242294;0,171870588;0,138282323;0,76579796;0,084240183;0,887538327;0,104160928;0,599593117;0,658768898;1
0,392215569;0,210330546;0,994374259;0,202685457;0,928139522;0,103316305;0,163043936;0,954017052;0,163724133;0,621947544;0,830231756;0,103259255;0,916513594;0,166575171;0,12272728;0,732937242;0,084458571;0,887755422;0,104951846;0,054113019;0,656904801;1
0,428143713;0,145256617;0,092929538;0,153805804;0,753400622;0,843432309;0,124499659;0,915474556;0,127194365;0,634171399;0,709097156;0,069770854;0,883028172;0,11095579;0,119758854;0,643248375;0,060451472;0,863747572;0,094590126;0,531471001;0,607542409;1
0,452095808;0,168120184;0,952160467;0,174656049;0,813957469;0,925557589;0,170861311;0,961835997;0,162237408;0,706762764;0,852748215;0,12957873;0,942838029;0,178554701;0,1462621;0,814402118;0,179258514;0,982563208;0,192155026;0,078435429;0,968789143;0
0,45508982;0,134032775;0,918069337;0,158726232;0,71345426;0,822585359;0,156524913;0,947499884;0,15763228;0,692622029;0,807534791;0,13139757;0,944658382;0,178367366;0,148438328;0,811741683;0,156106852;0,959408102;0,169899632;0,750896246;0,889578471;0
0,482035928;0,16633665;0,950379136;0,152984693;0,878022146;0,000570639;0,164218366;0,955193522;0,149110534;0,738235657;0,841874382;0,148340149;0,961601241;0,19643701;0,159868303;0,895271382;0,16124184;0,964548381;0,164016368;0,862414475;0,915347946;0
0,51497006;0,164358603;0,948399423;0,185741774;0,817638263;0,943305815;0,166177325;0,957152107;0,178777237;0,707814743;0,851111273;0,10107057;0,914327528;0,170976409;0,129285934;0,719776976;0,068486168;0,871783718;0,121494683;0,571383179;0,622944314;1
0,508982036;0,186733869;0,970778413;0,204472562;0,911276254;0,093913564;0,190276852;0,981252393;0,190145508;0,724132318;0,920291114;0,136978281;0,950239918;0,192993548;0,014486296;0,832564879;0,073124176;0,876423385;0,115749018;0,600828345;0,634673072;1
0,458083832;0,138519947;0,922559472;0,144703875;0,766208079;0,821930517;0,137018115;0,927995341;0,128491691;0,756537342;0,748159828;0,117648569;0,930909566;0,164844515;0,148203185;0,774489145;0,142800392;0,946102697;0,15592739;0,736886455;0,839958855;0
0,511976048;0,188177613;0,972220028;0,193912396;0,881610739;0,001469906;0,181252689;0,97222804;0,17255968;0,73371673;0,896507091;0,12291554;0,936173518;0,179514363;0,140000187;0,072448154;0,085492031;0,888791757;0,112189995;0,61944934;0,657082841;1
0,488023952;0,207120484;0,99116584;0,192460297;0,972114565;0,09911571;0,209021268;0,999999999;0,189258312;0,933699864;0,991762541;0,167213916;0,980476054;0,224676294;0,163095499;0,934522646;0,196689368;0,999999999;0,199994092;0,993873249;0,100686592;0
0,479041916;0,16513059;0,949174311;0,165725644;0,896229348;0,915770041;0,188675101;0,979652899;0,165131716;0,021079425;0,908323061;0,176399266;0,989667157;0,206745689;0,19344793;0,972015885;0,146241885;0,949549592;0,16726776;0,867964539;0,878839816;0
0,517964072;0,167786801;0,951827829;0,192904748;0,813234763;0,925985425;0,169431405;0,960407914;0,180542053;0,755409765;0,848545889;0,077038749;0,890294233;0,165328117;0,115778884;0,667463684;0,066803439;0,870100719;0,118789138;0,557056642;0,056385886;1
0,48502994;0,20147333;0,098551748;0,186278664;0,945336201;0,097984316;0,208204236;0,999182797;0,182299341;0,884647468;0,990155542;0,177277883;0,990540953;0,228635554;0,168489526;0,972996422;0,184398753;0,098770455;0,198801259;0,852133832;0,99411696;0
0,538922156;0,012791187;1,27893E-11;0,019561994;0,594586362;0,487250634;0,037896129;3,78958E-11;0,034775937;0,463909783;0,504394786;0,035008648;0,84827163;0,058334841;0,130192268;0,57376608;0,028190675;0,831491358;0,040421708;0,575647708;0,548874073;0
0,598802395;0,150915937;0,934958722;0,167527087;0,076115981;0,868813651;0,133270645;0,924244214;0,145713147;0,58948895;0,730012821;0,100697384;0,091395978;0,160432708;0,144204663;0,722213439;0,047484222;0,850784798;0,088941063;0,586585416;0,580708718;1
0,574850299;0,213332335;0,997375599;0,221292334;0,907991263;0,10377559;0,193644901;0,984621083;0,189898784;0,755649827;0,919796876;0,112089571;0,925346448;0,160841363;0,130051464;0,737559348;0,053322651;0,856619551;0,093123868;0,536720414;0,585869695;1
0,547904192;0,060713139;0,844749756;0,04906697;0,636554578;0,594301794;0,069596519;0,86057276;0,041974644;0,627212381;0,05041506;0,050764433;0,864025399;0,070994729;0,128941297;0,054993929;0,071074637;0,874376762;0,068639232;0,654243422;0,642378449;0
0,541916168;0,063778425;0,847813465;0,029650004;0,61868402;0,583931705;0,098516115;0,889490193;0,040966385;0,57671949;0,62748851;0,091506412;0,904770501;0,06755924;0,148441177;0,699847946;0,088474688;0,891778692;0,061132123;0,708171958;0,676876832;0
0,02994012;0,1556439;0,939687715;0,157977814;0,876622278;0,871211402;0,160918176;0,951895831;0,144187255;0,776346203;0;0,169949447;0,983226018;0,176627609;0,246555476;0,944594838;0,155026801;0,958336277;0,171127638;0,942082044;0,890193228;0
0,577844311;0,190242315;0,009742838;0,200295099;0,847159385;0,093040237;0,163169318;0,954145744;0,162051277;0,728335014;0,818440296;0,089675247;0,902934072;0,139571555;0,128266055;0,686402693;0,045683424;0,848978856;0,090307344;0,504875542;0,570696134;1
0,568862275;0,132812665;0,916853767;0,135574452;0,782403663;0,805365165;0,138131315;0,929104759;0,135509807;0,588056803;0,735221551;0,112261776;0,925524518;0,159296069;0,146375426;0,752592012;0,080913511;0,884214714;0,107525918;0,630570987;0,649670377;0
0,571856287;0,181541335;0,965583739;0,189630865;0,86710598;0,091844344;0,172020493;0,962995565;0,165194793;0,691567702;0,846565402;0,108063037;0,921321539;0,159439999;0,135149317;0,738847921;0,066131854;0,869430155;0,094494683;0,581520076;0,617453999;1
0,54491018;0,024512843;0,808546447;0,014571744;0,048234303;0,508331798;0,038634918;0,829607924;0,024773063;0,481898256;0,509839189;0,039056482;0,08523159;0,059164145;0,117571218;0,582707737;0,07878344;0,882084506;0,053706427;0,64206832;0,650414228;0
0,601796407;0,149410139;0,933450931;0,159549369;0,071250213;0,834887399;0,142192123;0,933167756;0,134600374;0,650783728;0,745343839;0,09022891;0,903488853;0,135308;0,133473033;0,689561653;0,044139204;0,84743865;0,074579859;0,567028742;0,571873985;1
0,604790419;0,154512857;0,938552788;0,170300348;0,069632584;0,85056315;0,139392868;0,93036838;0,144345157;0,6455351;0,742275496;0,08472578;0,897984975;0,139729774;0,128279342;0,681739026;0,041252438;0,844549478;0,078487458;0,52667384;0,567796004;1
0,607784431;0,159225879;0,943264832;0,185066718;0,763090872;0,894576144;0,127496587;0,918471268;0,15793032;0,629484893;0,712050915;0,056300639;0,869551121;0,143593441;0,998595466;0,612788707;0,041283254;0,844577748;0,099113288;0,489475709;0,561842289;1
0,664670659;0,185872621;0,969914141;0,161237188;0,854360071;0,989335433;0,175819753;0,966795349;0,152575703;0,716330102;0,845973169;0,098077949;0,911337215;0,134260062;0,133992324;0,707553286;0,040606843;0,843902798;0,068915724;0,516106042;0,562395293;1
0,631736527;0,181417793;0,965460353;0,212094513;0,856760438;0,091393938;0,174404241;0,965378483;0,184491037;0,667735515;0,856729307;0,118716645;0,931976283;0,171963705;0,140819494;0,070337392;0,073776026;0,877073257;0,121495921;0,554531336;0,631593052;1
0,634730539;0,149513255;0,933554136;0,159964789;0,790607708;0,07502372;0,144457017;0,935432917;0,150094073;0,684150131;0,748729074;0,079055833;0,892313932;0,141925857;0,125895947;0,664989296;0,057347959;0,860647998;0,089333776;0,593603852;0,598611448;1
0,035928144;0,174691297;0,958734323;0,16635534;0,880865248;0,9377005;0,16541034;0,956388177;0,153194933;0,824873495;0,827376955;0,165737713;0,979009976;0,178713263;0,02025221;0,934777657;0,15550218;0,958812635;0,16186947;0,955829299;0,893477175;0
0,032934132;0,163957843;0,948001954;0,162021809;0,900559632;0,908559401;0,167077495;0,095805553;0,147450449;0,810149806;0,838054889;0,174195709;0,987470121;0,17742258;0,230209093;0,958852989;0,137424544;0,940730875;0,156107935;0,857031551;0,840242642;0
0,658682635;0,176099152;0,960142691;0,182640284;0,880894986;0,964578115;0,164905501;0,95587953;0,160057806;0,630565881;0,819329781;0,123387754;0,936649179;0,171479502;0,145812252;0,791443059;0,102361963;0,905663053;0,125972262;0,653570866;0,701338878;1
0,637724551;0,188082505;0,972125072;0,189844796;0,871104795;0,093231432;0,164452225;0,955429057;0,160257334;0,755587057;0,810709603;0,069987609;0,88324403;0,13418208;0,119689848;0,639545817;0,033792169;0,837087862;0,088590335;0,511961843;0,552380148;1
0,667664671;0,154780567;0,093882139;0,17267806;0,790543725;0,873734269;0,134229501;0,925206044;0,143972693;0,695581775;0,724866965;0,079148666;0,089240799;0,134669427;0,126989749;0,664053641;0,036726889;0,840024403;0,078501025;0,046821581;0,556151673;1
0,661676647;0,12698444;0,911022622;0,143983871;0,719694627;0,070245753;0,122802119;0,913775049;0,135575289;0,569868409;0,689842257;0,080056199;0,89331474;0,136176196;0,12794512;0,665372762;0,03540542;0,083870244;0,064064148;0,534546587;0,555673678;1
0,628742515;0,14473861;0,00928781;0,180013277;0,808569642;0,83439812;0,124575334;0,915548486;0,145789327;0,56112577;0,708368444;0,092581868;0,905844581;0,158796339;0,141486233;0,701463401;0,038364127;0,841663787;0,09652319;0,552165656;0,563390968;1
0,038922156;0,157277028;0,941319692;0,157356752;0,852031787;0,079388743;0,144167974;0,935145354;0,145659827;0,786000161;0,768612557;0,130894324;0,944160979;0,172889081;0,016892578;0,829461349;0,13999554;0,943301495;0,162203824;0,830734223;0,836652546;0
0,688622754;0,157312026;0,941356884;0,194218675;0,885356979;0,900775369;0,141221867;0,932196759;0,155139206;0,633502795;0,766503659;0,129564868;0,94283009;0,192233121;0,163442947;0,803257998;0,079156967;0,882458527;0,135909026;0,635295469;0,646133245;0
0,751497006;0,159704206;0,943747801;0,179170106;0,862364276;0,905557111;0,155499768;0,946475812;0,163516616;0,687390305;0,810071628;0,11726982;0,093053528;0,162219828;0,014784024;0,776260219;0,059334249;0,862633136;0,08582394;0,571765395;0,055089367;1
0,718562874;0,128160807;0,912202681;0,143996596;0,801894139;0,782895001;0,113127131;0,90409919;0,121277154;0,552099983;0,679098673;0,083034143;0,896294273;0,1278709;0,137536382;0,6753243;0,055031295;0,858329714;0,085580886;0,570283506;0,589727752;1
0,694610778;0,164348588;0,94838866;0,180967954;0,787788785;0,904125072;0,156262331;0,947235762;0,167038345;0,61353872;0,799264474;0,087499881;0,900753971;0,156085236;0,117253205;0,685130406;0,052127779;0,855421745;0,092809274;0,515185706;0,053324071;1
0,69760479;0,190308914;0,974350652;0,218646094;0,077038069;0,092448495;0,176771779;0,967748666;0,186367839;0,762419724;0,863978552;0,092022915;0,905278884;0,158036093;0,121604623;0,691507144;0,051195139;0,854487976;0,102635041;0,486373703;0,582507328;1
0,721556886;0,171644902;0,955689175;0,190525466;0,892683046;0,970704383;0,141688646;0,932662064;0,156159397;0,625511181;0,789033474;0,098772263;0,912031355;0,157675396;0,137065863;0,726258501;0,046348632;0,849644329;0,090831658;0,539487809;0,577746776;1
0,724550898;0,18769258;0,971736454;0,204560362;0,890878018;0,094205725;0,186809809;0,977785683;0,193822602;0,74012326;0,899408789;0,107392564;0,920650342;0,170696632;0,134355972;0,72989877;0,045381957;0,84867777;0,096144863;0,524078392;0,574082382;1
0,72754491;0,166119209;0,095016049;0,181712;0,074399623;0,92669202;0,155395907;0,946372937;0,160649098;0,73436989;0,804888598;0,079279822;0,892538479;0,133676023;0,12872788;0,667021409;0,04597474;0,849270061;0,083899966;0,513559693;0,576220315;1
0,691616766;0,187346799;0,971390138;0,20388035;0,889528379;0,094119753;0,192264772;0,983241528;0,185232421;0,763535391;0,928645059;0,132850216;0,946115186;0,171196477;0,163400918;0,812648538;0,078165907;0,881464381;0,108986658;0,587499703;0,059149731;1
0,748502994;0,140742668;0,924784804;0,153911989;0,810762871;0,828702409;0,155718736;0,946692323;0,153473736;0,610709295;0,796171314;0,131047446;0,944311205;0,165449082;0,01448782;0,812173914;0,080985666;0,884283952;0,102355386;0,054211819;0,658177428;1
0,754491018;0,178599674;0,962641043;0,185688984;0,840365885;0,090635536;0,188693771;0,979670908;0,178049;0,792929902;0,9368472;0,118139279;0,931400402;0,16523436;0,013712345;0,767182874;0,066292956;0,086959049;0,097595627;0,56230961;0,616499017;1
0,75748503;0,130987487;0,915027658;0,150606117;0,759480566;0,794939497;0,1450936;0,936071055;0,144651009;0,757682024;0,7585757;0,08825116;0,901512385;0,138514672;0;0,682593539;0,060199743;0,863497841;0,084424411;0,565318464;0,607157459;1
0,838323353;0,195950659;0,097999756;0,200645351;0,985112081;0,097744162;0,163665256;0,09546419;0,147621969;0,012093135;0,07572999;0,152906281;0,966178452;0,171989371;0,199579224;0,879099606;0,091492313;0,894792462;0,115499514;0,646450536;0,680066366;1
0,781437126;0,14052208;0,924563406;0,144709903;0,796790282;0,074282396;0,134663274;0,925637459;0,136515532;0,613910529;0,732184574;0,096669782;0,909931597;0,137561588;0,14255195;0,709178037;0,057571297;0,860869158;0,076896958;0,566916858;0,59949419;1
0,784431138;0,186313481;0,970356358;0,166958224;0,889984353;0,092273034;0,161842183;0,952817426;0,152853533;0,717489672;0,819620333;0,106753244;0,920014422;0,142204925;0,146001593;0,732648306;0,050629269;0,85392668;0,072248523;0,552945122;0;1
0,778443114;0,146939297;0,930982266;0,161272541;0,836940572;0,85488223;0,134457855;0,925431458;0,141067172;0,596119957;0,734505404;0,121521166;0,934785961;0,166626999;0,162927224;0,784233683;0,073003927;0,876301433;0,096877298;0,58628275;0,638474396;1
0,808383234;0,130455219;0,914497789;0,140909139;0,807611123;0,765702509;0,123954668;0,914927881;0,1293681;0,552912748;0,688321738;0,090659304;0,090392299;0,137769981;0,143758244;0,687007202;0,043812048;0,847108644;0,083731809;0,523658016;0,571441854;1
0,78742515;0,148150353;0,093219012;0,168763438;0,771627514;0,871319546;0,153848228;0,094482573;0,157713649;0,745899139;0,797546841;0,120528807;0,093379279;0,168128572;0,155125103;0,773394979;0,064687188;0,867986882;0,098533928;0,590242386;0,614561985;1
0,811377246;0,18132441;0,965367625;0,190028656;0,881050724;0,970930495;0,151840238;0,942814492;0,148149035;0,634714233;0,776686249;0,082193371;0,895453842;0,120003982;0,134485389;0,670193874;0,04215386;0,845449253;0,072443053;0,516226806;0,568642022;1
0,817365269;0,122940461;0,009069787;0,153100334;0,717044726;0,780016273;0,11136246;0,902336735;0,129704469;0,611130398;0,674560369;0,062055112;0,875315281;0,114719531;0,129238774;0,625824248;0,030591539;0,833885648;0,068510857;0,491275782;0,549089605;1
0,814371257;0,178127466;0,962169537;0,193049036;0,83843125;0,957337995;0,168203127;0,959179393;0,162708745;0,707829393;0,074595963;0,08877876;0,902039692;0,12973754;0,136949596;0,681677947;0,043232736;0,846528328;0,076920023;0,517968795;0,571489871;1
0,841317365;0,173364853;0,957408577;0,175005794;0,895673929;0,97425787;0,145265152;0,936240793;0,133188915;0,692381584;0,071928334;0,103065347;0,916329838;0,126418513;0,155514669;0,72590023;0,053617801;0,856913781;0,081874937;0,544391703;0,592182848;1
0,844311377;0,188321505;0,972364131;0,18620989;0,882388647;0,09470954;0,182781236;0,973757363;0,16398456;0,766121709;0,894235863;0,12932298;0,942584734;0,154656195;0,154577191;0,803667258;0,074251032;0,87754698;0,093812143;0,051685516;0,63905588;1
0,868263473;0,150050954;0,934095086;0,141288503;0,883657742;0,852222167;0,152255788;0,943230837;0,135657374;0,006174579;0,782513727;0,163873749;0,977142775;0,192105037;0,190048188;0,085722757;0,16635928;0,96966573;0,179553927;0,84600332;0,088037969;0
0,847305389;0,19067418;0,974717833;0,192073318;0,902213318;0,093800904;0,186523521;0,977503879;0,159823217;0,032150682;0,903408296;0,116123662;0,929390224;0,140541358;0,165302619;0,000687587;0,079399079;0,882701241;0,089423403;0,669114842;0,646737402;1
0,901197605;0,154454931;0,938500518;0,155300647;0,922609203;0,87988448;0,148469023;0,939446392;0,138808509;0,740151366;0,786050986;0,150706776;0,963978899;0,181251579;0,201282911;0,898849956;0,143434997;0,946741848;0,164391274;0,836563829;0,862744767;0
0,871257485;0,141330923;0,925374144;0,143483681;0,852348283;0,827460524;0,152951112;0,943928166;0,132169914;0,744939548;0,795192361;0,148620493;0,961887789;0,179931499;0,180900726;0,877689037;0,134491707;0,937794939;0,154030759;0,764304416;0,834043049;0
0,877245509;0,143996914;0,928039461;0,154047575;0,829848479;0,836485785;0,14905898;0,940038272;0,142379795;0,848703912;0,790662164;0,13415888;0,947428089;0,170759263;0,183434519;0,07727446;0,118869184;0,922172024;0,147434684;0,734920641;0,072251406;0
0,904191617;0,148828399;0,932870606;0,144324267;0,838839173;0,075617987;0,15576277;0,946740353;0,143221251;0,763788739;0,784627196;0,151810718;0,965079604;0,179587143;0,182019034;0,865708942;0,154139436;0,957443968;0,172832406;0,072607141;0,864112622;0
0,874251497;0,157855371;0,094189689;0,163261047;0,842967352;6,15997E-05;0,165956048;0,956933626;0,16178035;0,797174173;0,834917806;0,162408038;0,975676645;0,197817461;0,187068435;0,920575636;0,159683238;0,96298776;0,181839641;0,808221678;0,904252727;0
0,05988024;0,18542143;0,969466406;0,175386654;0,937612777;0,981701278;0,203504638;0,994483656;0,169212909;0,866626129;0,948428556;0,186725453;0,999999999;0,196503866;0,228368665;0,993038629;0,162748016;0,966054804;0,181413966;0,861522391;0,905334384;0
0,898203593;0,167109848;0,951157692;0,16982807;0,992010552;0,084098509;0,162987886;0,95396596;0,149769221;0,752215957;0,818545162;0,154035314;0,967309501;0,184613365;0,213055359;0,905614952;0,163838303;0,967146112;0,188378716;0,879867173;0,936300148;0
0,062874251;0,170368678;0,9544118;0,158894239;0,879376694;0,909842577;0,143389015;0,093436358;0,139140438;0,008212686;0,760400604;0,147005265;0,960274022;0,165625111;0,191773446;0,860581971;0,150621118;0,095392889;0,156127551;0,082365399;0,860673121;0
0,907185629;0,171170947;0,955212999;0,171931208;0,861769026;0,949118834;0,176069557;0,967047675;0,163400902;0,833679992;0,877423876;0,165906882;0,979177598;0,197130315;0,194073213;0,940010106;0,16428189;0,967587364;0,183438212;0,806044403;0,921254257;0
0,937125749;0,148418646;0,932458744;0,176969804;0,786134266;0,870740726;0,150432315;0,941408909;0,167202378;0,732944233;0,789625524;0,118665403;0,931930902;0,173993012;0,163487656;0,777174841;0,080813973;0,88411211;0,131384573;0,58474054;0,651351388;1
0,967065868;0,021235316;2,12344E-11;0,025805848;0,05462742;0,50075379;0,04413408;0,835110503;0,032608725;0,585565202;0,516860096;0,028863691;2,88657E-11;0,065851188;0,147263348;0,564194613;0,045185777;0,084848808;0,060214314;0,613746777;0,581213755;0
0,961077844;0,064948414;0,084898934;0,055369277;0,721671728;0,61569119;0,084502201;0,875477357;0,060450098;0,587204298;0,608104354;0,080207584;0,893477498;0,083829065;0,015715067;0,676383898;0,072663139;0,875966983;0,068487841;0,687915665;0,647880659;0
0,931137725;0,152905051;0,936947956;0,161027072;0,858224318;0;0,15318502;0,944160129;0,14814545;0,667776866;0,788623014;0,135346417;0,948613997;0,171910873;0,175772218;0,821515728;0,094658953;0,897955861;0,127434352;0,598424157;0,684432373;1
0,065868263;0,184873045;0,968917157;0,171365174;0,920800882;0,974332408;0,172026722;0,963004453;0,155942786;0,82998787;0,851838484;0,146631644;0,959898431;0,175685815;0,186971155;0,869386518;0,13354809;0,936851111;0,159849793;0,780491587;0,824376516;0
0,934131737;0,136972536;0,092101338;0,158323226;0,791100905;0,841136524;0,13419069;0,925167169;0,143779552;0,700209159;0,746172822;0,08308274;0,896347566;0,125063623;0,148624702;0,061715095;0,048416224;0,851714646;0,087140739;0,551184963;0,58217661;1
0,964071856;0;0;0;0,619319433;0,470266352;0,019413173;1,94157E-11;0,019623687;0,517112068;0,478197056;0,03437212;0,847639002;0,048518118;0,14334338;0,572376545;0,053028214;0,856330645;0,05032058;0,63350033;0,597281186;0
0,958083832;0,042288236;0,826330464;0,031661084;0,725821036;0,539814287;0,059004719;0,849978225;0,039425615;0,517514881;0,543027025;0,070005657;0,883274947;0,084061442;0,166792189;0,646532315;0,081041082;0,884344157;0,087619278;0,693107499;0,6652237;0
0,928143713;0,15508172;0,939127196;0,174279391;0,904410242;0,904110784;0,150628419;0,941603157;0,158456831;0,62890671;0,780145603;0,140821627;0,954090199;0,188700633;0,178881681;0,843466953;0,108398489;0,911698006;0,148064759;0,648924891;0,724374661;1
0,068862275;0,175710748;0,959754321;0,167494576;0,893967385;0,938301676;0,139375569;0,930353104;0,131803582;0,788149028;0,756815507;0,120263449;0,933529321;0,153860961;0,016026706;0,781647668;0,140926238;0,094423533;0,146595936;0,904108074;0,832516989;0
0,089820359;0,190928802;0,974973676;0,20690267;0,08548083;0,094664231;0,190972828;0,981949536;0,188825093;0,755010491;0,910251458;0,173434405;0,986706691;0,204909814;0,21388731;0,940076886;0,095370657;0,898675005;0,134691224;0,734737733;0,689767273;1
0,092814371;0,19175644;0,975801568;0,20031664;0,934817606;0,09683863;0,182562692;0,973539848;0,177623387;0,020007133;0,902171568;0,14816628;0,961433027;0,188590111;0,181163274;0,855871669;0,069287676;0,872591393;0,112926839;0,666595989;0,626233004;1
0,119760479;0,038656159;0,822693741;0,016162491;0,634666303;0,532922294;0;0;0;0,428307838;0,449788338;0;0;0;0,139159472;0,514121461;0;0;0;0,608433268;0,497542007;0
0,152694611;0,173862339;0,957903671;0,158060028;0,839272638;0,948951067;0,160793534;0,951768388;0,148453581;0,682770739;0,822547505;0,132463346;0,945728067;0,159704765;0,168748256;0,810491749;0,087566327;0,89086826;0,095990863;0,061032027;0,663866384;1
0,155688623;0,208310192;0,992354098;0,174136166;0,9413145;0,101698547;0,19957312;0,990550829;0,160745572;0,868566439;0,953311532;0,131212196;0,094447732;0,139589767;0,170305846;0,8004616;0,037660929;0,084096088;0,05668086;0,567389394;0,557361186;1
0,095808383;0,184259486;0,968302994;0,189269111;0,889552629;0,092875464;0,158706832;0,94968127;0,166835458;0,67232177;0,821576048;0,140377325;0,953640663;0,189981705;0,014859238;0,845505264;0,080228859;0,088353042;0,123273319;0,645303077;0,657366619;1
0,149700599;0,16993059;0,953972635;0,155510345;0,850286621;0,922044288;0,160968956;0,951943945;0,136982574;0,667437464;0,802218248;0,129061434;0,942329964;0,14987116;0,179597783;0,793903051;0,067088769;0,870390171;0,087158958;0,632269249;0,617599734;1
0,098802395;0,179291371;0,963334504;0,182611331;0,874563624;0,990085256;0,161560273;0,952537713;0,154416648;0,773865199;0,816102349;0,123950867;0,937213006;0,173848907;0,151472415;0,788940926;0,062604504;0,086590695;0,097466798;0,058608372;0,612759376;1
0,125748503;0,062982458;0,847016429;0,030407008;0,604781213;0,579786397;0,035556964;3,55593E-11;0,019871393;0,532357292;0,502395654;0,018786275;1,87849E-11;0,023093618;0,135094036;0,543451412;0,032650656;0,835952602;0,015034621;0,61038609;0,550149629;1
0,158682635;0,172359519;0,956401962;0,189664805;0,849587862;0,088225805;0,17836379;0,096934239;0,166303719;0,843492834;0,8858605;0,112117134;0,925381625;0,153646644;0,159383153;0,751363445;0,048553622;0,851855206;0,093040164;0;0,580757437;1
0,179640719;0,161427216;0,945469131;0,156105091;0,841325592;0,892960011;0,13857695;0,009295501;0,133297951;0,617952727;0,753817625;0,095319469;0,009085838;0,128562969;0,152596185;0,064404629;0,060247615;0,863547744;0,086926951;0,603968925;0,607544851;1
0,128742515;0,067154737;0,851190568;0,027759865;0,636818814;0,587004308;0,036753841;3,6756E-11;0,018781461;0,531200086;0,507270109;0,0261388;2,61357E-11;0,03017444;0,131542744;0,557206193;0,0418869;0,845189495;0,021926117;0,64065015;0,573761586;0
0,122754491;0,02177443;0,805808837;0,00810648;0,56619562;0,042023691;0,011634147;1,16348E-11;0,012952362;0,452547381;0,46553567;0,011293308;1,12923E-11;0,012498186;0,134526616;0,530320838;0,021780454;0,825083597;0,007925357;0,056492299;0,532615099;0
0,182634731;0,197195084;0,981238582;0,190034531;0,900581729;0,094016715;0,16788789;0,958864256;0,154820114;0,723517934;0,074205633;0,1289415;0,94220775;0,16053428;0,170976326;0,785325947;0,034656895;0,837961288;0,0605674;0,645186726;0,552657206;1
0,185628743;0,190602259;0,974644631;0,182312333;0,873960126;0,092820829;0,144060021;0,935034149;0,145365852;0,643237637;0,773962343;0,081583505;0,894844273;0,121153518;0,136377395;0,061011077;0,027260973;0,830560944;0,05627527;0,557179525;0,541247155;1
0,188622754;0,185519492;0,969561239;0,201275093;0,837246708;0,089182032;0,147985082;0,938961659;0,151856326;0,719352919;0,772591691;0,104081541;0,917344453;0,157343013;0,147789096;0,728181607;0,048414873;0,851716812;0,082373684;0,607646769;0,580909326;1
0,248502994;0,183529651;0,967571922;0,198235567;0,078542072;0,091312853;0,135162503;0,926136127;0,170570795;0,60371042;0,754782308;0,082570559;0,895826048;0,17397328;0,118539803;0,681966395;0,039344499;0,842643925;0,080864634;0,564553881;0,560222035;1
0,239520958;0,150439906;0,934480292;0,158098631;0,786320176;0,859508002;0,141306255;0,932279259;0,144342021;0;0,750114422;0,118136362;0,931401027;0,158325882;0,161471937;0,070893055;0,069623068;0,872923065;0,091134366;0,623240697;0,624585512;0
0,215568862;0,189617336;0,097365969;0,197222882;0,866872287;0,001409455;0,16318304;0,95415904;0,161034349;0,720453598;0,82828028;0,096863047;0,091012607;0,13803416;0,146788764;0,704964706;0,02244278;0,825743008;0,054449058;0,556328694;0,53125218;1
0,21257485;0,122151799;0,9061903;0,121761343;0,724013919;0,750558606;0,089368896;0,880341221;0,102991845;0,524766427;0,614314856;0,051475453;0,864734632;0,103505418;0,123561853;0,604311601;0,00371182;3,70397E-12;0,047964041;0,491572633;0,044729827;1
0,209580838;0,191445079;0,975489729;0,207796616;0,919551159;0,094603417;0,172748203;0,963723063;0,182896958;0,690911904;0,856910415;0,116325161;0,929587129;0,182423252;0,154432505;0,766050225;0,06684016;0,870138895;0,111636753;0,58363012;0,615340681;1
0,218562874;0,159704352;0,009437465;0,15891739;0,844358468;0,891513912;0,123038663;0,914012565;0,133233188;0,627758807;0,716628611;0,082636306;0,895893419;0,143190537;0,132538253;0,684703676;0,02075372;0,824056015;0,06058761;0,591104916;0,532216144;1
0,24251497;0,134849616;0,918889263;0,143623522;0,756649793;0,805576667;0,116522196;0,907494805;0,128720285;0,572243873;0,699952198;0,087573437;0,900835886;0,128371011;0,149245971;0,693942206;0,035758352;0,839058539;0,06135112;0,598242977;0,560396597;1
0,245508982;0,152310877;0,936351368;0,160192797;0;0,862982522;0,134748894;0,925722676;0,15059098;0,608100396;0,739222077;0,090172298;0,903431597;0,155364836;0,13077396;0,702751561;0,072722672;0,876025617;0,090019779;0,672713351;0,645409647;1
